latitude,latitude
90.0,6.123233995736766e-17
89.9,0.0017453283658982615
89.80000000000001,0.0034906514152235764
89.70000000000002,0.005235963831419315
89.60000000000002,0.00698126029796118
89.50000000000003,0.008726535498373452
89.40000000000003,0.010471784116245202
89.30000000000004,0.01221700083524647
89.20000000000005,0.013962180339144464
89.10000000000005,0.01570731731181976
89.00000000000006,0.017452406437282488
88.90000000000006,0.01919744239968853
88.80000000000007,0.02094241988335572
88.70000000000007,0.022687333572780008
88.60000000000008,0.024432178152651692
88.50000000000009,0.026176948307871584
88.40000000000009,0.027921638723567427
88.3000000000001,0.029666244085109195
88.2000000000001,0.03141075907812662
88.10000000000011,0.0331551783885245
88.00000000000011,0.03489949670249908
87.90000000000012,0.03664370870655428
87.80000000000013,0.038387809087517835
87.70000000000013,0.04013179253255752
87.60000000000014,0.041875653729197305
87.50000000000014,0.04361938736533357
87.40000000000015,0.04536298812925124
87.30000000000015,0.047106450709640015
87.20000000000016,0.04884976979561051
87.10000000000016,0.05059294007671045
87.00000000000017,0.052335956242940865
86.90000000000018,0.05407881298477221
86.80000000000018,0.05582150499316062
86.70000000000019,0.05756402695956399
86.6000000000002,0.05930637357595822
86.5000000000002,0.06104853953485336
86.4000000000002,0.06279051952930975
86.30000000000021,0.06453230825295425
86.20000000000022,0.06627390039999631
86.10000000000022,0.06801529066524423
86.00000000000023,0.06975647374412147
85.90000000000023,0.07149744433268199
85.80000000000024,0.07323819712762765
85.70000000000024,0.07497872682632355
85.60000000000025,0.07671902812681439
85.50000000000026,0.07845909572784057
85.40000000000026,0.08019892432885445
85.30000000000027,0.08193850863003634
85.20000000000027,0.0836778433323108
85.10000000000028,0.08541692313736267
85.00000000000028,0.08715574274765327
84.90000000000029,0.0888942968664365
84.8000000000003,0.09063258019777502
84.7000000000003,0.09237058744655635
84.6000000000003,0.09410831331850898
84.50000000000031,0.09584575252021854
84.40000000000032,0.09758289975914392
84.30000000000032,0.09931974974363336
84.20000000000033,0.10105629718294058
84.10000000000034,0.10279253678724094
84.00000000000034,0.10452846326764749
83.90000000000035,0.10626407133622712
83.80000000000035,0.10799935570601665
83.70000000000036,0.10973431109103919
83.60000000000036,0.11146893220631929
83.50000000000037,0.11320321376790043
83.40000000000038,0.11493715049286021
83.30000000000038,0.11667073709932667
83.20000000000039,0.11840396830649433
83.10000000000039,0.12013683883464038
83.0000000000004,0.12186934340514066
82.9000000000004,0.12360147674048577
82.80000000000041,0.1253332335642972
82.70000000000041,0.12706460860134333
82.60000000000042,0.12879559657755554
82.50000000000043,0.13052619222004425
82.40000000000043,0.13225639025711497
82.30000000000044,0.1339861854182845
82.20000000000044,0.13571557243429672
82.10000000000045,0.13744454603713888
82.00000000000045,0.13917310096005756
81.90000000000046,0.14090123193757467
81.80000000000047,0.14262893370550356
81.70000000000047,0.14435620100096502
81.60000000000048,0.1460830285624033
81.50000000000048,0.14780941112960222
81.40000000000049,0.149535343443701
81.3000000000005,0.1512608202472108
81.2000000000005,0.15298583628402956
81.1000000000005,0.1547103862994595
81.00000000000051,0.15643446504022215
80.90000000000052,0.15815806725447473
80.80000000000052,0.15988118769182594
80.70000000000053,0.1616038211033521
80.60000000000053,0.1633259622416131
80.50000000000054,0.1650476058606684
80.40000000000055,0.16676874671609293
80.30000000000055,0.16848937956499313
80.20000000000056,0.17020949916602301
80.10000000000056,0.1719291002793999
80.00000000000057,0.1736481776669206
79.90000000000057,0.17536672609197723
79.80000000000058,0.17708474031957333
79.70000000000059,0.17880221511633954
79.60000000000059,0.1805191452505498
79.5000000000006,0.18223552549213717
79.4000000000006,0.18395135061270979
79.30000000000061,0.18566661538556672
79.20000000000061,0.18738131458571403
79.10000000000062,0.1890954429898806
79.00000000000063,0.190808995376534
78.90000000000063,0.19252196652589676
78.80000000000064,0.1942343512199612
78.70000000000064,0.1959461442425068
78.60000000000065,0.19765734037911517
78.50000000000065,0.1993679344171861
78.40000000000066,0.20107792114595346
78.30000000000067,0.2027872953565012
78.20000000000067,0.20449605184177894
78.10000000000068,0.20620418539661814
78.00000000000068,0.20791169081774774
77.90000000000069,0.2096185629038101
77.8000000000007,0.21132479645537686
77.7000000000007,0.21303038627496468
77.6000000000007,0.21473532716705118
77.50000000000071,0.21643961393809077
77.40000000000072,0.21814324139653035
77.30000000000072,0.2198462043528252
77.20000000000073,0.2215484976194549
77.10000000000073,0.22325011601093886
77.00000000000074,0.22495105434385237
76.90000000000074,0.22665130743684234
76.80000000000075,0.22835087011064292
76.70000000000076,0.2300497371880915
76.60000000000076,0.23174790349414454
76.50000000000077,0.2334453638558925
76.40000000000077,0.23514211310257702
76.30000000000078,0.23683814606560558
76.20000000000078,0.23853345757856767
76.10000000000079,0.2402280424772504
76.0000000000008,0.24192189559965432
75.9000000000008,0.24361501178600903
75.80000000000081,0.24530738587878897
75.70000000000081,0.2469990127227292
75.60000000000082,0.248689887164841
75.50000000000082,0.2503800040544275
75.40000000000083,0.2520693582430996
75.30000000000084,0.2537579445847915
75.20000000000084,0.25544575793577634
75.10000000000085,0.2571327931546819
75.00000000000085,0.25881904510250636
74.90000000000086,0.26050450864263386
74.80000000000086,0.2621891786408501
74.70000000000087,0.2638730499653582
74.60000000000088,0.26555611748679403
74.50000000000088,0.26723837607824197
74.40000000000089,0.2689198206152507
74.30000000000089,0.27060044597584854
74.2000000000009,0.27228024704055936
74.1000000000009,0.2739592186924174
74.00000000000091,0.275637355816984
73.90000000000092,0.27731465330236255
73.80000000000092,0.2789911060392139
73.70000000000093,0.28066670892077233
73.60000000000093,0.28234145684286094
73.50000000000094,0.284015344703907
73.40000000000094,0.28568836740495784
73.30000000000095,0.2873605198496962
73.20000000000095,0.2890317969444557
73.10000000000096,0.29070219359823646
73.00000000000097,0.2923717047227206
72.90000000000097,0.29404032523228774
72.80000000000098,0.2957080500440304
72.70000000000098,0.2973748740777696
72.60000000000099,0.29904079225607016
72.500000000001,0.3007057995042565
72.400000000001,0.3023698907504278
72.300000000001,0.3040330609254735
72.20000000000101,0.3056953049630888
72.10000000000102,0.30735661779979007
72.00000000000102,0.30901699437493035
71.90000000000103,0.3106764296307146
71.80000000000103,0.3123349185122155
71.70000000000104,0.31399245596738784
71.60000000000105,0.31564903694708524
71.50000000000105,0.3173046564050748
71.40000000000106,0.31895930929805255
71.30000000000106,0.3206129905856588
71.20000000000107,0.3222656952304935
71.10000000000107,0.32391741819813175
71.00000000000108,0.3255681544571389
70.90000000000109,0.32721789897908604
70.80000000000109,0.3288666467385653
70.7000000000011,0.330514392713205
70.6000000000011,0.3321611318836852
70.50000000000111,0.3338068592337527
70.40000000000111,0.3354515697502367
70.30000000000112,0.33709525842306365
70.20000000000113,0.3387379202452729
70.10000000000113,0.3403795502130315
70.00000000000114,0.34202014332565006
69.90000000000114,0.3436596945855973
69.80000000000115,0.34529819899851577
69.70000000000115,0.3469356515732369
69.60000000000116,0.3485720473217962
69.50000000000117,0.35020738125944856
69.40000000000117,0.3518416484046828
69.30000000000118,0.353474843779238
69.20000000000118,0.35510696240811784
69.10000000000119,0.3567379993196059
69.0000000000012,0.3583679495452809
68.9000000000012,0.35999680812003176
68.8000000000012,0.36162457008207277
68.70000000000121,0.3632512304729587
68.60000000000122,0.36487678433759996
68.50000000000122,0.3665012267242775
68.40000000000123,0.36812455268465805
68.30000000000123,0.36974675727380935
68.20000000000124,0.37136783555021474
68.10000000000124,0.37298778257578874
68.00000000000125,0.3746065934158918
67.90000000000126,0.37622426313934526
67.80000000000126,0.3778407868184467
67.70000000000127,0.3794561595289846
67.60000000000127,0.38107037635025354
67.50000000000128,0.3826834323650691
67.40000000000128,0.38429532265978295
67.30000000000129,0.38590604232429776
67.2000000000013,0.38751558645208206
67.1000000000013,0.38912395014018547
67.00000000000131,0.39073112848925284
66.90000000000131,0.3923371166035405
66.80000000000132,0.39394190959093006
66.70000000000132,0.3955455025629438
66.60000000000133,0.39714789063475936
66.50000000000134,0.3987490689252249
66.40000000000134,0.40034903255687354
66.30000000000135,0.40194777665593867
66.20000000000135,0.40354529635236847
66.10000000000136,0.4051415867798409
66.00000000000136,0.4067366430757785
65.90000000000137,0.4083304603813631
65.80000000000138,0.4099230338415509
65.70000000000138,0.4115143586050868
65.60000000000139,0.4131044298245197
65.50000000000139,0.4146932426562169
65.4000000000014,0.41628079226037895
65.3000000000014,0.4178670738010545
65.20000000000141,0.41945208244615473
65.10000000000142,0.42103581336746854
65.00000000000142,0.4226182617406769
64.90000000000143,0.4241994227453676
64.80000000000143,0.42577929156504996
64.70000000000144,0.4273578633871698
64.60000000000144,0.4289351334031232
64.50000000000145,0.43051109680827243
64.40000000000146,0.4320857488019595
64.30000000000146,0.4336590845875214
64.20000000000147,0.43523109937230453
64.10000000000147,0.4368017883676792
64.00000000000148,0.4383711467890543
63.90000000000148,0.43993916985589193
63.800000000001475,0.4415058527917221
63.700000000001474,0.44307119082415675
63.60000000000147,0.4446351791849044
63.50000000000147,0.44619781310978585
63.40000000000147,0.4477590878387467
63.30000000000147,0.4493189986158737
63.20000000000147,0.450877540689408
63.100000000001465,0.4524347093117599
63.000000000001464,0.4539904997395241
62.90000000000146,0.4555449072334927
62.80000000000146,0.45709792705867147
62.70000000000146,0.4586495544842924
62.60000000000146,0.460199784783829
62.50000000000146,0.46174861323501143
62.400000000001455,0.46329603511983913
62.300000000001454,0.4648420457245972
62.20000000000145,0.4663866403398689
62.10000000000145,0.46792981426055097
62.00000000000145,0.4694715627858685
61.90000000000145,0.47101188121938764
61.80000000000145,0.47255076486903175
61.700000000001445,0.47408820904709414
61.600000000001444,0.47562420907025305
61.50000000000144,0.4771587602595863
61.40000000000144,0.4786918579405846
61.30000000000144,0.4802234974431669
61.20000000000144,0.48175367410169334
61.10000000000144,0.4832823832549804
61.000000000001435,0.48480962024631513
60.900000000001434,0.4863353804234686
60.80000000000143,0.4878596591387109
60.70000000000143,0.48938245174882455
60.60000000000143,0.49090375361511907
60.50000000000143,0.49242356010344546
60.40000000000143,0.49394186658420924
60.300000000001425,0.49545866843238595
60.200000000001424,0.49697396102753383
60.10000000000142,0.4984877397538088
60.00000000000142,0.4999999999999786
59.90000000000142,0.5015107371594358
59.80000000000142,0.5030199466302137
59.70000000000142,0.5045276238149979
59.600000000001415,0.5060337641211424
59.500000000001414,0.5075383629606829
59.40000000000141,0.50904141575035
59.30000000000141,0.5105429179115846
59.20000000000141,0.5120428648705505
59.10000000000141,0.5135412520581489
59.00000000000141,0.5150380749100332
58.900000000001405,0.5165333288666207
58.800000000001404,0.5180270093731092
58.7000000000014,0.5195191118794885
58.6000000000014,0.5210096318405555
58.5000000000014,0.522498564715928
58.4000000000014,0.5239859059700582
58.3000000000014,0.525471651072247
58.200000000001396,0.5269557954966569
58.100000000001394,0.5284383347223265
58.00000000000139,0.5299192642331844
57.90000000000139,0.5313985795180622
57.80000000000139,0.5328762760707094
57.70000000000139,0.5343523493898059
57.60000000000139,0.5358267949789761
57.500000000001386,0.5372996083468035
57.400000000001384,0.5387707850068426
57.30000000000138,0.5402403204776347
57.20000000000138,0.5417082102827195
57.10000000000138,0.5431744499506505
57.00000000000138,0.544639035015007
56.90000000000138,0.5461019610144089
56.800000000001376,0.5475632234925302
56.700000000001374,0.5490228179981117
56.60000000000137,0.5504807400849756
56.50000000000137,0.5519369853120383
56.40000000000137,0.5533915492433241
56.30000000000137,0.5548444274479793
56.20000000000137,0.556295615500285
56.100000000001366,0.5577451089796704
56.000000000001364,0.5591929034707271
55.90000000000136,0.5606389945632221
55.80000000000136,0.5620833778521109
55.70000000000136,0.5635260489375518
55.60000000000136,0.5649670034249185
55.50000000000136,0.5664062369248133
55.400000000001356,0.5678437450530818
55.300000000001354,0.5692795234308248
55.20000000000135,0.5707135676844123
55.10000000000135,0.5721458734454969
55.00000000000135,0.5735764363510268
54.90000000000135,0.5750052520432594
54.80000000000135,0.5764323161697741
54.700000000001346,0.5778576243834862
54.600000000001344,0.5792811723426597
54.50000000000134,0.5807029557109207
54.40000000000134,0.5821229701572703
54.30000000000134,0.5835412113560985
54.20000000000134,0.5849576749871964
54.10000000000134,0.5863723567357704
54.000000000001336,0.5877852522924543
53.900000000001334,0.5891963573533232
53.80000000000133,0.5906056676199066
53.70000000000133,0.5920131787992008
53.60000000000133,0.5934188866036828
53.50000000000133,0.5948227867513227
53.40000000000133,0.5962248749655972
53.300000000001326,0.5976251469755025
53.200000000001324,0.5990235985155673
53.10000000000132,0.6004202253258656
53.00000000000132,0.6018150231520298
52.90000000000132,0.6032079877452641
52.80000000000132,0.6045991148623565
52.70000000000132,0.6059884002656927
52.600000000001316,0.6073758397232685
52.500000000001315,0.6087614290087024
52.40000000000131,0.6101451639012495
52.30000000000131,0.611527040185813
52.20000000000131,0.6129070536529584
52.10000000000131,0.6142852000989253
52.00000000000131,0.6156614753256403
51.900000000001306,0.6170358751407308
51.800000000001305,0.6184083953575362
51.7000000000013,0.6197790317951223
51.6000000000013,0.6211477802782926
51.5000000000013,0.6225146366376018
51.4000000000013,0.6238795967093684
51.3000000000013,0.6252426563356874
51.200000000001296,0.6266038113644429
51.100000000001295,0.6279630576493204
51.00000000000129,0.62932039104982
50.90000000000129,0.6306758074312687
50.80000000000129,0.6320293026648334
50.70000000000129,0.6333808726275327
50.60000000000129,0.6347305132022503
50.500000000001286,0.6360782202777466
50.400000000001285,0.6374239897486724
50.30000000000128,0.6387678175155804
50.20000000000128,0.6401096994849382
50.10000000000128,0.6414496315691407
50.00000000000128,0.6427876096865223
49.90000000000128,0.6441236297613695
49.800000000001276,0.6454576877239335
49.700000000001275,0.6467897795104426
49.60000000000127,0.648119901063114
49.50000000000127,0.6494480483301668
49.40000000000127,0.6507742172658341
49.30000000000127,0.6520984038303754
49.20000000000127,0.6534206039900886
49.100000000001266,0.6547408137173231
49.000000000001265,0.6560590289904906
48.90000000000126,0.6573752457940791
48.80000000000126,0.6586894601186639
48.70000000000126,0.6600016679609202
48.60000000000126,0.6613118653236354
48.50000000000126,0.6626200482157211
48.400000000001256,0.6639262126522252
48.300000000001255,0.6652303546543444
48.20000000000125,0.6665324702494362
48.10000000000125,0.6678325554710304
48.00000000000125,0.669130606358842
47.90000000000125,0.670426618958783
47.80000000000125,0.6717205893229741
47.700000000001246,0.6730125135097573
47.600000000001245,0.6743023875837073
47.50000000000124,0.6755902076156443
47.40000000000124,0.6768759696826447
47.30000000000124,0.6781596698680546
47.20000000000124,0.6794413042615007
47.10000000000124,0.680720868958902
47.000000000001236,0.6819983600624827
46.900000000001235,0.6832737736807833
46.80000000000123,0.684547105928673
46.70000000000123,0.6858183529273606
46.60000000000123,0.6870875108044074
46.50000000000123,0.6883545756937384
46.40000000000123,0.6896195437356543
46.300000000001226,0.6908824110768429
46.200000000001225,0.6921431738703914
46.100000000001224,0.6934018282757977
46.00000000000122,0.6946583704589819
45.90000000000122,0.695912796592299
45.80000000000122,0.6971651028545492
45.70000000000122,0.6984152854309907
45.60000000000122,0.6996633405133503
45.500000000001215,0.7009092642998358
45.400000000001214,0.7021530529951473
45.30000000000121,0.7033947028104889
45.20000000000121,0.7046342099635797
45.10000000000121,0.705871570678666
45.00000000000121,0.7071067811865326
44.90000000000121,0.7083398377245139
44.800000000001205,0.709570736536506
44.700000000001204,0.7107994738729777
44.6000000000012,0.7120260459909817
44.5000000000012,0.7132504491541669
44.4000000000012,0.7144726796327887
44.3000000000012,0.7156927337037212
44.2000000000012,0.7169106076504682
44.100000000001195,0.7181262977631744
44.000000000001194,0.7193398003386366
43.90000000000119,0.7205511116803159
43.80000000000119,0.7217602280983477
43.70000000000119,0.7229671459095539
43.60000000000119,0.7241718614374533
43.50000000000119,0.7253743710122734
43.400000000001185,0.7265746709709616
43.300000000001184,0.7277727576571963
43.20000000000118,0.7289686274213975
43.10000000000118,0.7301622766207383
43.00000000000118,0.7313537016191564
42.90000000000118,0.7325428987873648
42.80000000000118,0.7337298645028624
42.700000000001175,0.7349145951499461
42.600000000001174,0.7360970871197206
42.50000000000117,0.7372773368101102
42.40000000000117,0.73845534062587
42.30000000000117,0.7396310949785959
42.20000000000117,0.7408045962867364
42.10000000000117,0.7419758409756028
42.000000000001165,0.7431448254773806
41.900000000001164,0.7443115462311405
41.80000000000116,0.7454759996828486
41.70000000000116,0.7466381822853779
41.60000000000116,0.7477980904985184
41.50000000000116,0.7489557207889888
41.40000000000116,0.7501110696304462
41.300000000001155,0.7512641335034977
41.200000000001154,0.7524149088957112
41.10000000000115,0.7535633923016246
41.00000000000115,0.7547095802227588
40.90000000000115,0.7558534691676264
40.80000000000115,0.7569950556517433
40.70000000000115,0.7581343361976391
40.600000000001145,0.7592713073348678
40.500000000001144,0.7604059656000179
40.40000000000114,0.7615383075367238
40.30000000000114,0.7626683296956754
40.20000000000114,0.7637960286346294
40.10000000000114,0.7649214009184191
40.00000000000114,0.7660444431189652
39.900000000001135,0.7671651518152869
39.800000000001134,0.7682835235935107
39.70000000000113,0.7693995550468824
39.60000000000113,0.7705132427757767
39.50000000000113,0.7716245833877075
39.40000000000113,0.7727335734973385
39.30000000000113,0.7738402097264937
39.200000000001125,0.7749444887041672
39.100000000001124,0.7760464070665336
39.00000000000112,0.7771459614569586
38.90000000000112,0.7782431485260086
38.80000000000112,0.7793379649314619
38.70000000000112,0.7804304073383176
38.60000000000112,0.7815204724188066
38.500000000001116,0.7826081568524018
38.400000000001114,0.7836934573258277
38.30000000000111,0.7847763705330709
38.20000000000111,0.7858568931753899
38.10000000000111,0.7869350219613254
38.00000000000111,0.78801075360671
37.90000000000111,0.7890840848346787
37.800000000001106,0.7901550123756785
37.700000000001104,0.7912235329674783
37.6000000000011,0.7922896433551789
37.5000000000011,0.7933533402912235
37.4000000000011,0.7944146205354065
37.3000000000011,0.7954734808548842
37.2000000000011,0.7965299180241847
37.100000000001096,0.797583928825217
37.000000000001094,0.7986355100472814
36.90000000000109,0.799684658487079
36.80000000000109,0.800731370948722
36.70000000000109,0.8017756442437427
36.60000000000109,0.8028174751911032
36.50000000000109,0.8038568606172061
36.400000000001086,0.8048937973559028
36.300000000001084,0.8059282822485045
36.20000000000108,0.8069603121437908
36.10000000000108,0.8079898838980194
36.00000000000108,0.8090169943749363
35.90000000000108,0.810041640445785
35.80000000000108,0.8110638189893156
35.700000000001076,0.8120835268917953
35.600000000001074,0.8131007610470168
35.50000000000107,0.8141155183563084
35.40000000000107,0.8151277957285434
35.30000000000107,0.8161375900801494
35.20000000000107,0.8171448983351178
35.10000000000107,0.8181497174250127
35.000000000001066,0.8191520442889811
34.900000000001064,0.8201518758737615
34.80000000000106,0.8211492091336935
34.70000000000106,0.8221440410307269
34.60000000000106,0.8231363685344314
34.50000000000106,0.8241261886220052
34.40000000000106,0.8251134982782847
34.300000000001056,0.8260982944957536
34.200000000001054,0.8270805742745515
34.10000000000105,0.8280603346224841
34.00000000000105,0.8290375725550314
33.90000000000105,0.8300122850953573
33.80000000000105,0.8309844692743181
33.70000000000105,0.8319541221304725
33.600000000001046,0.8329212407100894
33.500000000001044,0.8338858220671581
33.40000000000104,0.8348478632633966
33.30000000000104,0.8358073613682603
33.20000000000104,0.8367643134589517
33.10000000000104,0.8377187166204288
33.00000000000104,0.8386705679454142
32.900000000001036,0.8396198645344034
32.800000000001035,0.8405666034956746
32.70000000000103,0.8415107819452964
32.60000000000103,0.8424523970071379
32.50000000000103,0.8433914458128761
32.40000000000103,0.8443279255020054
32.30000000000103,0.8452618332218466
32.200000000001026,0.8461931661275545
32.100000000001025,0.8471219213821276
32.00000000000102,0.8480480961564165
31.90000000000102,0.848971687629132
31.80000000000102,0.8498926929868545
31.70000000000102,0.8508111094240419
31.600000000001017,0.8517269341430384
31.500000000001016,0.852640164354083
31.400000000001015,0.8535507972753181
31.300000000001013,0.8544588301327982
31.200000000001012,0.8553642601604975
31.10000000000101,0.8562670846003191
31.00000000000101,0.8571673007021032
30.900000000001008,0.8580649057236355
30.800000000001006,0.8589598969306554
30.700000000001005,0.8598522715968645
30.600000000001003,0.8607420270039348
30.500000000001002,0.8616291604415168
30.400000000001,0.8625136692072486
30.300000000001,0.8633955506067629
30.200000000000998,0.864274801953696
30.100000000000996,0.8651514205696957
30.000000000000995,0.8660254037844299
29.900000000000993,0.8668967489355941
29.800000000000992,0.8677654533689199
29.70000000000099,0.8686315144381827
29.60000000000099,0.8694949295052105
29.500000000000988,0.8703556959398911
29.400000000000986,0.8712138111201809
29.300000000000985,0.8720692724321122
29.200000000000983,0.8729220772698013
29.100000000000982,0.8737722230354569
29.00000000000098,0.8746197071393875
28.90000000000098,0.8754645270000095
28.800000000000978,0.8763066800438554
28.700000000000976,0.8771461637055806
28.600000000000975,0.8779829754279724
28.500000000000973,0.8788171126619573
28.400000000000972,0.8796485728666085
28.30000000000097,0.8804773535091539
28.20000000000097,0.8813034520649843
28.100000000000968,0.8821268660176598
28.000000000000966,0.882947592858919
27.900000000000965,0.8837656300886856
27.800000000000963,0.8845809752150761
27.700000000000962,0.885393625754408
27.60000000000096,0.886203579231207
27.50000000000096,0.8870108331782139
27.400000000000958,0.8878153851363937
27.300000000000956,0.8886172326549412
27.200000000000955,0.88941637329129
27.100000000000954,0.890212804611119
27.000000000000952,0.8910065241883603
26.90000000000095,0.8917975296052065
26.80000000000095,0.892585818452118
26.700000000000948,0.8933713883278301
26.600000000000946,0.8941542368393608
26.500000000000945,0.8949343616020177
26.400000000000944,0.8957117602394056
26.300000000000942,0.8964864303834332
26.20000000000094,0.8972583696743212
26.10000000000094,0.8980275757606084
26.000000000000938,0.8987940462991598
25.900000000000936,0.8995577789551732
25.800000000000935,0.9003187714021864
25.700000000000934,0.9010770213220846
25.600000000000932,0.9018325264051068
25.50000000000093,0.9025852843498536
25.40000000000093,0.9033352928632938
25.300000000000928,0.9040825496607714
25.200000000000927,0.9048270524660127
25.100000000000925,0.9055687990111327
25.000000000000924,0.9063077870366432
24.900000000000922,0.9070440142914582
24.80000000000092,0.9077774785329019
24.70000000000092,0.9085081775267151
24.600000000000918,0.9092361090470619
24.500000000000917,0.9099612708765366
24.400000000000915,0.9106836608061705
24.300000000000914,0.9114032766354386
24.200000000000912,0.9121201161722665
24.10000000000091,0.9128341772330364
24.00000000000091,0.9135454576425944
23.900000000000908,0.9142539552342573
23.800000000000907,0.9149596678498184
23.700000000000905,0.9156625933395547
23.600000000000904,0.9163627295622333
23.500000000000902,0.9170600743851178
23.4000000000009,0.9177546256839749
23.3000000000009,0.918446381343081
23.200000000000898,0.9191353392552283
23.100000000000897,0.9198214973217315
23.000000000000895,0.9205048534524343
22.900000000000894,0.9211854055657152
22.800000000000892,0.9218631515884945
22.70000000000089,0.9225380894562404
22.60000000000089,0.9232102171129749
22.500000000000888,0.9238795325112809
22.400000000000887,0.9245460336123072
22.300000000000885,0.9252097183857763
22.200000000000884,0.925870584809989
22.100000000000882,0.9265286308718316
22.00000000000088,0.9271838545667817
21.90000000000088,0.9278362538989142
21.80000000000088,0.9284858268809079
21.700000000000877,0.9291325715340505
21.600000000000875,0.9297764858882458
21.500000000000874,0.9304175679820189
21.400000000000873,0.9310558158625227
21.30000000000087,0.9316912275855435
21.20000000000087,0.9323238012155067
21.10000000000087,0.9329535348254836
21.000000000000867,0.9335804264971963
20.900000000000865,0.9342044743210242
20.800000000000864,0.9348256763960091
20.700000000000863,0.935444030829862
20.60000000000086,0.9360595357389679
20.50000000000086,0.9366721892483924
20.40000000000086,0.9372819894918862
20.300000000000857,0.9378889346118925
20.200000000000855,0.9384930227595508
20.100000000000854,0.939094252094704
20.000000000000853,0.9396926207859033
19.90000000000085,0.9402881270104139
19.80000000000085,0.9408807689542205
19.70000000000085,0.941470544812033
19.600000000000847,0.9420574527872918
19.500000000000846,0.9426414910921734
19.400000000000844,0.9432226579475961
19.300000000000843,0.9438009515832245
19.20000000000084,0.9443763702374762
19.10000000000084,0.9449489121575261
19.00000000000084,0.9455185755993121
18.900000000000837,0.9460853588275406
18.800000000000836,0.9466492601156916
18.700000000000834,0.9472102777460242
18.600000000000833,0.947768410009581
18.50000000000083,0.9483236552061948
18.40000000000083,0.948876011644492
18.30000000000083,0.9494254776418993
18.200000000000827,0.949972051524648
18.100000000000826,0.9505157316277792
18.000000000000824,0.9510565162951491
17.900000000000823,0.9515944038794337
17.80000000000082,0.9521293927421344
17.70000000000082,0.952661481253582
17.60000000000082,0.9531906677929427
17.500000000000817,0.9537169507482226
17.400000000000816,0.9542403285162726
17.300000000000814,0.9547607995027932
17.200000000000813,0.9552783621223395
17.10000000000081,0.955793014798326
17.00000000000081,0.9563047559630313
16.90000000000081,0.9568135840576033
16.800000000000807,0.9573194975320632
16.700000000000806,0.9578224948453109
16.600000000000804,0.9583225744651293
16.500000000000803,0.958819734868189
16.4000000000008,0.9593139745400536
16.3000000000008,0.9598052919751829
16.2000000000008,0.9602936856769392
16.100000000000797,0.9607791541575903
16.000000000000796,0.961261695938315
15.900000000000796,0.9617413095492076
15.800000000000797,0.9622179935292815
15.700000000000797,0.962691746426475
15.600000000000797,0.9631625667976544
15.500000000000798,0.9636304532086193
15.400000000000798,0.9640954042341064
15.300000000000798,0.9645574184577944
15.200000000000799,0.9650164944723079
15.100000000000799,0.9654726308792214
15.0000000000008,0.9659258262890646
14.9000000000008,0.9663760793213257
14.8000000000008,0.9668233886044558
14.7000000000008,0.9672677527758733
14.6000000000008,0.9677091704819677
14.500000000000801,0.9681476403781043
14.400000000000801,0.9685831611286276
14.300000000000802,0.969015731406866
14.200000000000802,0.9694453498951354
14.100000000000803,0.9698720152847434
14.000000000000803,0.970295726275993
13.900000000000803,0.9707164815781874
13.800000000000804,0.9711342799096327
13.700000000000804,0.9715491199976428
13.600000000000804,0.971961000578543
13.500000000000805,0.9723699203976733
13.400000000000805,0.9727758782093933
13.300000000000805,0.973178872777085
13.200000000000806,0.9735789028731571
13.100000000000806,0.9739759672790484
13.000000000000806,0.974370064785232
12.900000000000807,0.9747611941912186
12.800000000000807,0.9751493543055602
12.700000000000808,0.9755345439458535
12.600000000000808,0.9759167619387443
12.500000000000808,0.9762960071199304
12.400000000000809,0.9766722783341648
12.300000000000809,0.9770455744352606
12.20000000000081,0.9774158942860929
12.10000000000081,0.9777832367586032
12.00000000000081,0.9781476007338027
11.90000000000081,0.9785089851017755
11.80000000000081,0.9788673887616821
11.700000000000811,0.9792228106217629
11.600000000000811,0.9795752495993412
11.500000000000812,0.9799247046208268
11.400000000000812,0.9802711746217191
11.300000000000813,0.9806146585466102
11.200000000000813,0.9809551553491889
11.100000000000813,0.9812926639922425
11.000000000000814,0.9816271834476612
10.900000000000814,0.981958712696441
10.800000000000814,0.9822872507286861
10.700000000000815,0.9826127965436126
10.600000000000815,0.9829353491495516
10.500000000000815,0.983254907563952
10.400000000000816,0.9835714708133834
10.300000000000816,0.9838850379335391
10.200000000000816,0.9841956079692394
10.100000000000817,0.9845031799744342
10.000000000000817,0.9848077530122056
9.900000000000817,0.9851093261547714
9.800000000000818,0.9854078984834876
9.700000000000818,0.9857034690888512
9.600000000000819,0.9859960370705025
9.500000000000819,0.986285601537229
9.40000000000082,0.986572161606967
9.30000000000082,0.986855716406805
9.20000000000082,0.9871362650729857
9.10000000000082,0.9874138067509092
9.00000000000082,0.9876883405951354
8.900000000000821,0.9879598657693869
8.800000000000821,0.9882283814465507
8.700000000000822,0.9884938868086813
8.600000000000822,0.9887563810470037
8.500000000000822,0.9890158633619147
8.400000000000823,0.9892723329629862
8.300000000000823,0.9895257890689674
8.200000000000824,0.9897762309077869
8.100000000000824,0.9900236577165555
8.000000000000824,0.9902680687415684
7.900000000000825,0.9905094632383068
7.800000000000825,0.9907478404714417
7.700000000000825,0.9909831997148343
7.600000000000826,0.9912155402515398
7.500000000000826,0.9914448613738085
7.400000000000826,0.9916711623830886
7.300000000000827,0.9918944425900278
7.200000000000827,0.992114701314476
7.100000000000827,0.9923319378854869
7.000000000000828,0.9925461516413203
6.900000000000828,0.9927573419294438
6.8000000000008285,0.9929655081065353
6.700000000000829,0.9931706495384843
6.600000000000829,0.9933727656003948
6.50000000000083,0.9935718556765859
6.40000000000083,0.9937679191605948
6.30000000000083,0.9939609554551782
6.200000000000831,0.9941509639723138
6.100000000000831,0.9943379441332031
6.000000000000831,0.9945218953682718
5.900000000000832,0.9947028171171727
5.800000000000832,0.9948807088287868
5.700000000000832,0.9950555699612249
5.600000000000833,0.9952273999818297
5.500000000000833,0.9953961983671774
5.4000000000008335,0.9955619646030787
5.300000000000834,0.9957246981845808
5.200000000000834,0.995884398615969
5.1000000000008345,0.9960410654107683
5.000000000000835,0.9961946980917442
4.900000000000835,0.9963452961909052
4.800000000000836,0.9964928592495031
4.700000000000836,0.9966373868180354
4.600000000000836,0.996778878456246
4.500000000000837,0.9969173337331269
4.400000000000837,0.9970527522269191
4.300000000000837,0.9971851335251146
4.200000000000838,0.997314477224457
4.100000000000838,0.997440782930943
4.000000000000838,0.9975640502598232
3.9000000000008384,0.9976842788356043
3.8000000000008383,0.9978014682920491
3.700000000000838,0.997915618272178
3.600000000000838,0.9980267284282707
3.500000000000838,0.998134798421866
3.400000000000838,0.9982398279237644
3.300000000000838,0.9983418166140275
3.2000000000008377,0.9984407641819801
3.1000000000008376,0.998536670326211
3.0000000000008376,0.9986295347545731
2.9000000000008375,0.9987193571841855
2.8000000000008374,0.9988061373414333
2.7000000000008373,0.9988898749619692
2.600000000000837,0.9989705697907141
2.500000000000837,0.9990482215818571
2.400000000000837,0.9991228300988577
2.300000000000837,0.9991943951144454
2.200000000000837,0.9992629164106206
2.1000000000008368,0.9993283937786557
2.0000000000008367,0.9993908270190952
1.9000000000008366,0.9994502159417566
1.8000000000008365,0.999506560365731
1.7000000000008364,0.9995598601193836
1.6000000000008363,0.9996101150403539
1.5000000000008362,0.9996573249755569
1.4000000000008361,0.9997014897811828
1.300000000000836,0.999742609322698
1.200000000000836,0.9997806834748452
1.1000000000008359,0.999815712121644
1.0000000000008358,0.9998476951563909
0.9000000000008358,0.9998766324816604
0.8000000000008358,0.999902524009304
0.7000000000008358,0.9999253696604519
0.6000000000008359,0.999945169365512
0.5000000000008359,0.9999619230641712
0.4000000000008359,0.9999756307053946
0.30000000000083593,0.9999862922474267
0.20000000000083593,0.9999939076577903
0.10000000000083592,0.9999984769132877
8.35914670815896e-13,1.0
-0.09999999999916409,0.9999984769132877
-0.1999999999991641,0.9999939076577904
-0.2999999999991641,0.9999862922474269
-0.39999999999916414,0.9999756307053949
-0.4999999999991641,0.9999619230641714
-0.5999999999991641,0.9999451693655123
-0.6999999999991641,0.9999253696604522
-0.799999999999164,0.9999025240093045
-0.899999999999164,0.9998766324816608
-0.999999999999164,0.9998476951563915
-1.099999999999164,0.9998157121216446
-1.1999999999991642,0.9997806834748458
-1.2999999999991643,0.9997426093226986
-1.3999999999991644,0.9997014897811834
-1.4999999999991644,0.9996573249755577
-1.5999999999991645,0.9996101150403548
-1.6999999999991646,0.9995598601193845
-1.7999999999991647,0.999506560365732
-1.8999999999991648,0.9994502159417576
-1.999999999999165,0.9993908270190962
-2.0999999999991648,0.9993283937786568
-2.199999999999165,0.9992629164106217
-2.299999999999165,0.9991943951144465
-2.399999999999165,0.9991228300988589
-2.499999999999165,0.9990482215818584
-2.599999999999165,0.9989705697907153
-2.6999999999991653,0.9988898749619707
-2.7999999999991654,0.9988061373414348
-2.8999999999991655,0.9987193571841869
-2.9999999999991656,0.9986295347545746
-3.0999999999991656,0.9985366703262125
-3.1999999999991657,0.9984407641819818
-3.299999999999166,0.9983418166140292
-3.399999999999166,0.9982398279237661
-3.499999999999166,0.9981347984218678
-3.599999999999166,0.9980267284282724
-3.699999999999166,0.9979156182721799
-3.7999999999991663,0.997801468292051
-3.8999999999991664,0.9976842788356063
-3.9999999999991664,0.9975640502598253
-4.0999999999991665,0.997440782930945
-4.199999999999166,0.9973144772244592
-4.299999999999166,0.9971851335251168
-4.3999999999991655,0.9970527522269214
-4.499999999999165,0.9969173337331291
-4.599999999999165,0.9967788784562484
-4.699999999999164,0.9966373868180378
-4.799999999999164,0.9964928592495056
-4.899999999999164,0.9963452961909077
-4.999999999999163,0.9961946980917468
-5.099999999999163,0.9960410654107709
-5.199999999999163,0.9958843986159717
-5.299999999999162,0.9957246981845834
-5.399999999999162,0.9955619646030814
-5.499999999999162,0.9953961983671802
-5.599999999999161,0.9952273999818326
-5.699999999999161,0.9950555699612278
-5.7999999999991605,0.9948807088287897
-5.89999999999916,0.9947028171171757
-5.99999999999916,0.9945218953682748
-6.099999999999159,0.9943379441332062
-6.199999999999159,0.994150963972317
-6.299999999999159,0.9939609554551813
-6.399999999999158,0.993767919160598
-6.499999999999158,0.9935718556765891
-6.599999999999158,0.9933727656003981
-6.699999999999157,0.9931706495384878
-6.799999999999157,0.9929655081065387
-6.899999999999157,0.9927573419294473
-6.999999999999156,0.9925461516413239
-7.099999999999156,0.9923319378854906
-7.1999999999991555,0.9921147013144797
-7.299999999999155,0.9918944425900316
-7.399999999999155,0.9916711623830923
-7.4999999999991545,0.9914448613738124
-7.599999999999154,0.9912155402515437
-7.699999999999154,0.9909831997148383
-7.799999999999153,0.9907478404714456
-7.899999999999153,0.9905094632383109
-7.999999999999153,0.9902680687415724
-8.099999999999152,0.9900236577165596
-8.199999999999152,0.9897762309077911
-8.299999999999152,0.9895257890689716
-8.399999999999151,0.9892723329629904
-8.499999999999151,0.989015863361919
-8.59999999999915,0.988756381047008
-8.69999999999915,0.9884938868086858
-8.79999999999915,0.9882283814465551
-8.89999999999915,0.9879598657693914
-8.99999999999915,0.9876883405951401
-9.099999999999149,0.9874138067509137
-9.199999999999148,0.9871362650729903
-9.299999999999148,0.9868557164068097
-9.399999999999148,0.9865721616069718
-9.499999999999147,0.9862856015372339
-9.599999999999147,0.9859960370705074
-9.699999999999147,0.9857034690888561
-9.799999999999146,0.9854078984834926
-9.899999999999146,0.9851093261547765
-9.999999999999146,0.9848077530122107
-10.099999999999145,0.9845031799744393
-10.199999999999145,0.9841956079692445
-10.299999999999145,0.9838850379335443
-10.399999999999144,0.9835714708133886
-10.499999999999144,0.9832549075639573
-10.599999999999143,0.9829353491495569
-10.699999999999143,0.982612796543618
-10.799999999999143,0.9822872507286915
-10.899999999999142,0.9819587126964465
-10.999999999999142,0.9816271834476669
-11.099999999999142,0.981292663992248
-11.199999999999141,0.9809551553491945
-11.299999999999141,0.980614658546616
-11.39999999999914,0.9802711746217248
-11.49999999999914,0.9799247046208326
-11.59999999999914,0.979575249599347
-11.69999999999914,0.9792228106217689
-11.79999999999914,0.9788673887616881
-11.899999999999139,0.9785089851017815
-11.999999999999138,0.9781476007338088
-12.099999999999138,0.9777832367586093
-12.199999999999138,0.9774158942860991
-12.299999999999137,0.9770455744352669
-12.399999999999137,0.9766722783341711
-12.499999999999137,0.9762960071199366
-12.599999999999136,0.9759167619387507
-12.699999999999136,0.9755345439458599
-12.799999999999136,0.9751493543055666
-12.899999999999135,0.9747611941912251
-12.999999999999135,0.9743700647852386
-13.099999999999135,0.973975967279055
-13.199999999999134,0.9735789028731637
-13.299999999999134,0.9731788727770917
-13.399999999999133,0.9727758782094
-13.499999999999133,0.9723699203976801
-13.599999999999133,0.9719610005785498
-13.699999999999132,0.9715491199976497
-13.799999999999132,0.9711342799096396
-13.899999999999132,0.9707164815781945
-13.999999999999131,0.9702957262760001
-14.099999999999131,0.9698720152847505
-14.19999999999913,0.9694453498951426
-14.29999999999913,0.9690157314068732
-14.39999999999913,0.9685831611286349
-14.49999999999913,0.9681476403781116
-14.59999999999913,0.967709170481975
-14.699999999999129,0.9672677527758806
-14.799999999999129,0.9668233886044633
-14.899999999999128,0.9663760793213333
-14.999999999999128,0.9659258262890722
-15.099999999999127,0.9654726308792291
-15.199999999999127,0.9650164944723154
-15.299999999999127,0.9645574184578021
-15.399999999999126,0.9640954042341142
-15.499999999999126,0.9636304532086271
-15.599999999999126,0.9631625667976623
-15.699999999999125,0.9626917464264829
-15.799999999999125,0.9622179935292895
-15.899999999999125,0.9617413095492156
-15.999999999999124,0.9612616959383231
-16.099999999999124,0.9607791541575984
-16.199999999999125,0.9602936856769473
-16.299999999999127,0.9598052919751912
-16.399999999999128,0.9593139745400618
-16.49999999999913,0.9588197348681974
-16.59999999999913,0.9583225744651376
-16.699999999999132,0.9578224948453192
-16.799999999999134,0.9573194975320717
-16.899999999999135,0.9568135840576117
-16.999999999999137,0.9563047559630399
-17.099999999999138,0.9557930147983346
-17.19999999999914,0.9552783621223481
-17.29999999999914,0.9547607995028019
-17.399999999999142,0.9542403285162814
-17.499999999999144,0.9537169507482314
-17.599999999999145,0.9531906677929515
-17.699999999999147,0.9526614812535908
-17.799999999999148,0.9521293927421433
-17.89999999999915,0.9515944038794427
-17.99999999999915,0.9510565162951582
-18.099999999999152,0.9505157316277884
-18.199999999999154,0.9499720515246571
-18.299999999999155,0.9494254776419084
-18.399999999999157,0.9488760116445012
-18.499999999999158,0.948323655206204
-18.59999999999916,0.9477684100095903
-18.69999999999916,0.9472102777460335
-18.799999999999162,0.946649260115701
-18.899999999999164,0.9460853588275501
-18.999999999999165,0.9455185755993215
-19.099999999999167,0.9449489121575356
-19.199999999999168,0.9443763702374859
-19.29999999999917,0.9438009515832342
-19.39999999999917,0.9432226579476057
-19.499999999999172,0.9426414910921832
-19.599999999999174,0.9420574527873016
-19.699999999999175,0.9414705448120427
-19.799999999999176,0.9408807689542303
-19.899999999999178,0.9402881270104237
-19.99999999999918,0.9396926207859133
-20.09999999999918,0.9390942520947141
-20.199999999999182,0.9384930227595608
-20.299999999999184,0.9378889346119026
-20.399999999999185,0.9372819894918965
-20.499999999999186,0.9366721892484026
-20.599999999999188,0.9360595357389783
-20.69999999999919,0.9354440308298724
-20.79999999999919,0.9348256763960194
-20.899999999999192,0.9342044743210345
-20.999999999999194,0.9335804264972069
-21.099999999999195,0.9329535348254941
-21.199999999999196,0.9323238012155173
-21.299999999999198,0.931691227585554
-21.3999999999992,0.9310558158625334
-21.4999999999992,0.9304175679820297
-21.599999999999202,0.9297764858882566
-21.699999999999203,0.9291325715340613
-21.799999999999205,0.9284858268809187
-21.899999999999206,0.9278362538989251
-21.999999999999208,0.9271838545667926
-22.09999999999921,0.9265286308718426
-22.19999999999921,0.92587058481
-22.299999999999212,0.9252097183857874
-22.399999999999213,0.9245460336123184
-22.499999999999215,0.923879532511292
-22.599999999999216,0.9232102171129861
-22.699999999999218,0.9225380894562516
-22.79999999999922,0.9218631515885058
-22.89999999999922,0.9211854055657265
-22.999999999999222,0.9205048534524456
-23.099999999999223,0.919821497321743
-23.199999999999225,0.9191353392552398
-23.299999999999226,0.9184463813430925
-23.399999999999228,0.9177546256839865
-23.49999999999923,0.9170600743851294
-23.59999999999923,0.916362729562245
-23.699999999999232,0.9156625933395665
-23.799999999999233,0.9149596678498302
-23.899999999999235,0.9142539552342691
-23.999999999999236,0.9135454576426063
-24.099999999999238,0.9128341772330483
-24.19999999999924,0.9121201161722784
-24.29999999999924,0.9114032766354507
-24.399999999999242,0.9106836608061826
-24.499999999999243,0.9099612708765487
-24.599999999999245,0.909236109047074
-24.699999999999246,0.9085081775267273
-24.799999999999248,0.9077774785329141
-24.89999999999925,0.9070440142914705
-24.99999999999925,0.9063077870366555
-25.099999999999252,0.9055687990111452
-25.199999999999253,0.9048270524660251
-25.299999999999255,0.9040825496607839
-25.399999999999256,0.9033352928633064
-25.499999999999257,0.9025852843498662
-25.59999999999926,0.9018325264051194
-25.69999999999926,0.9010770213220972
-25.79999999999926,0.9003187714021991
-25.899999999999263,0.899557778955186
-25.999999999999265,0.8987940462991726
-26.099999999999266,0.8980275757606213
-26.199999999999267,0.8972583696743341
-26.29999999999927,0.8964864303834461
-26.39999999999927,0.8957117602394186
-26.49999999999927,0.8949343616020308
-26.599999999999273,0.8941542368393739
-26.699999999999275,0.8933713883278432
-26.799999999999276,0.8925858184521311
-26.899999999999277,0.8917975296052197
-26.99999999999928,0.8910065241883736
-27.09999999999928,0.8902128046111323
-27.19999999999928,0.8894163732913033
-27.299999999999283,0.8886172326549545
-27.399999999999284,0.8878153851364071
-27.499999999999286,0.8870108331782275
-27.599999999999287,0.8862035792312205
-27.69999999999929,0.8853936257544216
-27.79999999999929,0.8845809752150897
-27.89999999999929,0.8837656300886992
-27.999999999999293,0.8829475928589328
-28.099999999999294,0.8821268660176735
-28.199999999999296,0.881303452064998
-28.299999999999297,0.8804773535091678
-28.3999999999993,0.8796485728666223
-28.4999999999993,0.8788171126619713
-28.5999999999993,0.8779829754279864
-28.699999999999303,0.8771461637055946
-28.799999999999304,0.8763066800438695
-28.899999999999306,0.8754645270000238
-28.999999999999307,0.8746197071394016
-29.09999999999931,0.8737722230354711
-29.19999999999931,0.8729220772698155
-29.29999999999931,0.8720692724321265
-29.399999999999313,0.8712138111201954
-29.499999999999314,0.8703556959399056
-29.599999999999316,0.8694949295052249
-29.699999999999317,0.8686315144381972
-29.79999999999932,0.8677654533689344
-29.89999999999932,0.8668967489356086
-29.99999999999932,0.8660254037844446
-30.099999999999323,0.8651514205697104
-30.199999999999324,0.8642748019537106
-30.299999999999326,0.8633955506067776
-30.399999999999327,0.8625136692072634
-30.49999999999933,0.8616291604415317
-30.59999999999933,0.8607420270039496
-30.69999999999933,0.8598522715968794
-30.799999999999333,0.8589598969306704
-30.899999999999334,0.8580649057236505
-30.999999999999336,0.8571673007021182
-31.099999999999337,0.8562670846003342
-31.19999999999934,0.8553642601605126
-31.29999999999934,0.8544588301328134
-31.39999999999934,0.8535507972753335
-31.499999999999343,0.8526401643540982
-31.599999999999344,0.8517269341430537
-31.699999999999346,0.8508111094240572
-31.799999999999347,0.84989269298687
-31.89999999999935,0.8489716876291475
-31.99999999999935,0.848048096156432
-32.09999999999935,0.8471219213821433
-32.19999999999935,0.8461931661275701
-32.29999999999935,0.8452618332218622
-32.39999999999935,0.8443279255020212
-32.49999999999935,0.8433914458128918
-32.599999999999355,0.8424523970071537
-32.699999999999356,0.8415107819453121
-32.79999999999936,0.8405666034956903
-32.89999999999936,0.8396198645344193
-32.99999999999936,0.8386705679454302
-33.09999999999936,0.837718716620445
-33.19999999999936,0.8367643134589677
-33.299999999999365,0.8358073613682764
-33.399999999999366,0.8348478632634126
-33.49999999999937,0.8338858220671743
-33.59999999999937,0.8329212407101056
-33.69999999999937,0.8319541221304886
-33.79999999999937,0.8309844692743344
-33.89999999999937,0.8300122850953736
-33.999999999999375,0.8290375725550478
-34.099999999999376,0.8280603346225005
-34.19999999999938,0.8270805742745679
-34.29999999999938,0.82609829449577
-34.39999999999938,0.8251134982783013
-34.49999999999938,0.8241261886220218
-34.59999999999938,0.823136368534448
-34.699999999999385,0.8221440410307436
-34.799999999999386,0.8211492091337101
-34.89999999999939,0.8201518758737782
-34.99999999999939,0.8191520442889979
-35.09999999999939,0.8181497174250296
-35.19999999999939,0.8171448983351346
-35.29999999999939,0.8161375900801664
-35.399999999999395,0.8151277957285603
-35.499999999999396,0.8141155183563253
-35.5999999999994,0.8131007610470338
-35.6999999999994,0.8120835268918123
-35.7999999999994,0.8110638189893328
-35.8999999999994,0.8100416404458022
-35.9999999999994,0.8090169943749536
-36.099999999999405,0.8079898838980367
-36.199999999999406,0.806960312143808
-36.29999999999941,0.8059282822485219
-36.39999999999941,0.8048937973559203
-36.49999999999941,0.8038568606172235
-36.59999999999941,0.8028174751911206
-36.69999999999941,0.8017756442437601
-36.799999999999415,0.8007313709487396
-36.899999999999416,0.7996846584870967
-36.99999999999942,0.7986355100472989
-37.09999999999942,0.7975839288252345
-37.19999999999942,0.7965299180242024
-37.29999999999942,0.795473480854902
-37.39999999999942,0.7944146205354242
-37.499999999999424,0.7933533402912414
-37.599999999999426,0.7922896433551968
-37.69999999999943,0.7912235329674961
-37.79999999999943,0.7901550123756965
-37.89999999999943,0.7890840848346968
-37.99999999999943,0.7880107536067281
-38.09999999999943,0.7869350219613434
-38.199999999999434,0.785856893175408
-38.299999999999436,0.784776370533089
-38.39999999999944,0.7836934573258459
-38.49999999999944,0.78260815685242
-38.59999999999944,0.7815204724188248
-38.69999999999944,0.7804304073383358
-38.79999999999944,0.7793379649314802
-38.899999999999444,0.778243148526027
-38.999999999999446,0.777145961456977
-39.09999999999945,0.776046407066552
-39.19999999999945,0.7749444887041856
-39.29999999999945,0.7738402097265122
-39.39999999999945,0.7727335734973572
-39.49999999999945,0.7716245833877261
-39.599999999999454,0.7705132427757952
-39.699999999999456,0.769399555046901
-39.79999999999946,0.7682835235935295
-39.89999999999946,0.7671651518153056
-39.99999999999946,0.7660444431189841
-40.09999999999946,0.7649214009184379
-40.19999999999946,0.7637960286346482
-40.299999999999464,0.7626683296956944
-40.399999999999466,0.7615383075367428
-40.49999999999947,0.760405965600037
-40.59999999999947,0.7592713073348868
-40.69999999999947,0.7581343361976582
-40.79999999999947,0.7569950556517625
-40.89999999999947,0.7558534691676456
-40.999999999999474,0.7547095802227781
-41.099999999999476,0.7535633923016438
-41.19999999999948,0.7524149088957304
-41.29999999999948,0.7512641335035172
-41.39999999999948,0.7501110696304656
-41.49999999999948,0.7489557207890082
-41.59999999999948,0.7477980904985378
-41.699999999999484,0.7466381822853974
-41.799999999999486,0.7454759996828682
-41.89999999999949,0.7443115462311601
-41.99999999999949,0.7431448254774002
-42.09999999999949,0.7419758409756223
-42.19999999999949,0.740804596286756
-42.29999999999949,0.7396310949786157
-42.399999999999494,0.7384553406258898
-42.499999999999496,0.7372773368101301
-42.5999999999995,0.7360970871197402
-42.6999999999995,0.7349145951499658
-42.7999999999995,0.7337298645028824
-42.8999999999995,0.7325428987873848
-42.9999999999995,0.7313537016191765
-43.099999999999504,0.7301622766207583
-43.199999999999505,0.7289686274214174
-43.29999999999951,0.7277727576572164
-43.39999999999951,0.7265746709709818
-43.49999999999951,0.7253743710122935
-43.59999999999951,0.7241718614374734
-43.69999999999951,0.7229671459095741
-43.799999999999514,0.721760228098368
-43.899999999999515,0.7205511116803363
-43.99999999999952,0.719339800338657
-44.09999999999952,0.7181262977631947
-44.19999999999952,0.7169106076504886
-44.29999999999952,0.7156927337037416
-44.39999999999952,0.7144726796328092
-44.499999999999524,0.7132504491541874
-44.599999999999525,0.7120260459910023
-44.69999999999953,0.7107994738729982
-44.79999999999953,0.7095707365365267
-44.89999999999953,0.7083398377245347
-44.99999999999953,0.7071067811865533
-45.09999999999953,0.7058715706786868
-45.199999999999534,0.7046342099636005
-45.299999999999535,0.7033947028105096
-45.39999999999954,0.7021530529951682
-45.49999999999954,0.7009092642998567
-45.59999999999954,0.6996633405133711
-45.69999999999954,0.6984152854310116
-45.79999999999954,0.6971651028545702
-45.899999999999544,0.6959127965923201
-45.999999999999545,0.694658370459003
-46.09999999999955,0.6934018282758186
-46.19999999999955,0.6921431738704125
-46.29999999999955,0.6908824110768641
-46.39999999999955,0.6896195437356755
-46.49999999999955,0.6883545756937597
-46.599999999999554,0.6870875108044286
-46.699999999999555,0.6858183529273818
-46.79999999999956,0.6845471059286943
-46.89999999999956,0.6832737736808048
-46.99999999999956,0.6819983600625041
-47.09999999999956,0.6807208689589234
-47.19999999999956,0.6794413042615222
-47.299999999999564,0.6781596698680762
-47.399999999999565,0.6768759696826664
-47.49999999999957,0.6755902076156659
-47.59999999999957,0.674302387583729
-47.69999999999957,0.6730125135097789
-47.79999999999957,0.6717205893229957
-47.89999999999957,0.6704266189588046
-47.999999999999574,0.6691306063588638
-48.099999999999575,0.6678325554710521
-48.19999999999958,0.6665324702494579
-48.29999999999958,0.6652303546543663
-48.39999999999958,0.6639262126522472
-48.49999999999958,0.662620048215743
-48.59999999999958,0.6613118653236574
-48.699999999999584,0.6600016679609422
-48.799999999999585,0.658689460118686
-48.89999999999959,0.6573752457941012
-48.99999999999959,0.6560590289905128
-49.09999999999959,0.6547408137173452
-49.19999999999959,0.6534206039901108
-49.29999999999959,0.6520984038303976
-49.399999999999594,0.6507742172658564
-49.499999999999595,0.649448048330189
-49.599999999999596,0.6481199010631362
-49.6999999999996,0.6467897795104649
-49.7999999999996,0.645457687723956
-49.8999999999996,0.6441236297613919
-49.9999999999996,0.6427876096865446
-50.0999999999996,0.6414496315691631
-50.199999999999605,0.6401096994849608
-50.299999999999606,0.638767817515603
-50.39999999999961,0.6374239897486951
-50.49999999999961,0.6360782202777692
-50.59999999999961,0.6347305132022728
-50.69999999999961,0.6333808726275554
-50.79999999999961,0.6320293026648561
-50.899999999999615,0.6306758074312915
-50.999999999999616,0.6293203910498426
-51.09999999999962,0.6279630576493431
-51.19999999999962,0.6266038113644656
-51.29999999999962,0.6252426563357104
-51.39999999999962,0.6238795967093914
-51.49999999999962,0.6225146366376246
-51.599999999999625,0.6211477802783155
-51.699999999999626,0.6197790317951453
-51.79999999999963,0.6184083953575593
-51.89999999999963,0.6170358751407538
-51.99999999999963,0.6156614753256633
-52.09999999999963,0.6142852000989483
-52.19999999999963,0.6129070536529816
-52.299999999999635,0.6115270401858363
-52.399999999999636,0.6101451639012727
-52.49999999999964,0.6087614290087257
-52.59999999999964,0.6073758397232917
-52.69999999999964,0.605988400265716
-52.79999999999964,0.6045991148623798
-52.89999999999964,0.6032079877452875
-52.999999999999645,0.6018150231520532
-53.099999999999646,0.600420225325889
-53.19999999999965,0.5990235985155907
-53.29999999999965,0.597625146975526
-53.39999999999965,0.5962248749656207
-53.49999999999965,0.5948227867513461
-53.59999999999965,0.5934188866037062
-53.699999999999655,0.5920131787992244
-53.799999999999656,0.5906056676199303
-53.89999999999966,0.589196357353347
-53.99999999999966,0.5877852522924779
-54.09999999999966,0.5863723567357941
-54.19999999999966,0.5849576749872203
-54.29999999999966,0.5835412113561224
-54.399999999999665,0.5821229701572942
-54.499999999999666,0.5807029557109444
-54.59999999999967,0.5792811723426835
-54.69999999999967,0.5778576243835101
-54.79999999999967,0.576432316169798
-54.89999999999967,0.5750052520432833
-54.99999999999967,0.5735764363510507
-55.099999999999675,0.5721458734455209
-55.199999999999676,0.5707135676844364
-55.29999999999968,0.5692795234308489
-55.39999999999968,0.567843745053106
-55.49999999999968,0.5664062369248374
-55.59999999999968,0.5649670034249425
-55.69999999999968,0.5635260489375761
-55.799999999999685,0.5620833778521351
-55.899999999999686,0.5606389945632463
-55.99999999999969,0.5591929034707513
-56.09999999999969,0.5577451089796946
-56.19999999999969,0.5562956155003093
-56.29999999999969,0.5548444274480038
-56.39999999999969,0.5533915492433485
-56.499999999999694,0.5519369853120626
-56.599999999999696,0.550480740085
-56.6999999999997,0.5490228179981361
-56.7999999999997,0.5475632234925547
-56.8999999999997,0.5461019610144335
-56.9999999999997,0.5446390350150314
-57.0999999999997,0.543174449950675
-57.199999999999704,0.5417082102827442
-57.299999999999706,0.5402403204776594
-57.39999999999971,0.5387707850068673
-57.49999999999971,0.5372996083468282
-57.59999999999971,0.5358267949790009
-57.69999999999971,0.5343523493898306
-57.79999999999971,0.5328762760707343
-57.899999999999714,0.531398579518087
-57.999999999999716,0.5299192642332092
-58.09999999999972,0.5284383347223514
-58.19999999999972,0.5269557954966817
-58.29999999999972,0.525471651072272
-58.39999999999972,0.5239859059700832
-58.49999999999972,0.522498564715953
-58.599999999999724,0.5210096318405805
-58.699999999999726,0.5195191118795134
-58.79999999999973,0.5180270093731343
-58.89999999999973,0.5165333288666458
-58.99999999999973,0.5150380749100584
-59.09999999999973,0.5135412520581741
-59.19999999999973,0.5120428648705755
-59.299999999999734,0.5105429179116098
-59.399999999999736,0.5090414157503752
-59.49999999999974,0.5075383629607082
-59.59999999999974,0.5060337641211677
-59.69999999999974,0.5045276238150231
-59.79999999999974,0.503019946630239
-59.89999999999974,0.5015107371594613
-59.999999999999744,0.500000000000004
-60.099999999999746,0.4984877397538342
-60.19999999999975,0.4969739610275591
-60.29999999999975,0.4954586684324114
-60.39999999999975,0.4939418665842347
-60.49999999999975,0.492423560103471
-60.59999999999975,0.4909037536151446
-60.699999999999754,0.4893824517488499
-60.799999999999756,0.4878596591387364
-60.89999999999976,0.48633538042349417
-60.99999999999976,0.4848096202463408
-61.09999999999976,0.48328238325500605
-61.19999999999976,0.4817536741017189
-61.29999999999976,0.4802234974431926
-61.399999999999764,0.47869185794061037
-61.499999999999766,0.47715876025961207
-61.59999999999977,0.4756242090702788
-61.69999999999977,0.47408820904711974
-61.79999999999977,0.47255076486905756
-61.89999999999977,0.4710118812194135
-61.99999999999977,0.46947156278589436
-62.099999999999774,0.4679298142605769
-62.199999999999775,0.4663866403398946
-62.29999999999978,0.4648420457246231
-62.39999999999978,0.4632960351198651
-62.49999999999978,0.4617486132350374
-62.59999999999978,0.46019978478385504
-62.69999999999978,0.45864955448431827
-62.799999999999784,0.45709792705869756
-62.899999999999785,0.45554490723351887
-62.99999999999979,0.4539904997395502
-63.09999999999979,0.45243470931178603
-63.19999999999979,0.450877540689434
-63.29999999999979,0.4493189986158999
-63.39999999999979,0.4477590878387729
-63.499999999999794,0.4461978131098121
-63.599999999999795,0.4446351791849307
-63.6999999999998,0.4430711908241828
-63.7999999999998,0.4415058527917484
-63.8999999999998,0.43993916985591824
-63.9999999999998,0.4383711467890806
-64.0999999999998,0.43680178836770556
-64.19999999999979,0.4352310993723309
-64.29999999999978,0.4336590845875478
-64.39999999999978,0.4320857488019857
-64.49999999999977,0.43051109680829863
-64.59999999999977,0.4289351334031495
-64.69999999999976,0.4273578633871961
-64.79999999999976,0.4257792915650765
-64.89999999999975,0.42419942274539413
-64.99999999999974,0.42261826174070344
-65.09999999999974,0.4210358133674951
-65.19999999999973,0.4194520824461813
-65.29999999999973,0.41786707380108107
-65.39999999999972,0.4162807922604056
-65.49999999999972,0.4146932426562436
-65.59999999999971,0.4131044298245464
-65.6999999999997,0.41151435860511354
-65.7999999999997,0.4099230338415776
-65.8999999999997,0.40833046038138987
-65.99999999999969,0.40673664307580526
-66.09999999999968,0.4051415867798677
-66.19999999999968,0.4035452963523953
-66.29999999999967,0.40194777665596554
-66.39999999999966,0.4003490325569004
-66.49999999999966,0.39874906892525175
-66.59999999999965,0.3971478906347863
-66.69999999999965,0.3955455025629705
-66.79999999999964,0.3939419095909568
-66.89999999999964,0.39233711660356724
-66.99999999999963,0.39073112848927966
-67.09999999999962,0.3891239501402122
-67.19999999999962,0.38751558645210904
-67.29999999999961,0.3859060423243248
-67.39999999999961,0.38429532265981003
-67.4999999999996,0.38268343236509617
-67.5999999999996,0.3810703763502806
-67.69999999999959,0.3794561595290117
-67.79999999999959,0.37784078681847383
-67.89999999999958,0.3762242631393724
-67.99999999999957,0.37460659341591895
-68.09999999999957,0.37298778257581594
-68.19999999999956,0.37136783555024194
-68.29999999999956,0.36974675727383655
-68.39999999999955,0.3681245526846853
-68.49999999999955,0.36650122672430474
-68.59999999999954,0.3648767843376272
-68.69999999999953,0.363251230472986
-68.79999999999953,0.3616245700821001
-68.89999999999952,0.3599968081200591
-68.99999999999952,0.35836794954530826
-69.09999999999951,0.35673799931963307
-69.1999999999995,0.35510696240814504
-69.2999999999995,0.35347484377926525
-69.3999999999995,0.35184164840471
-69.49999999999949,0.35020738125947576
-69.59999999999948,0.3485720473218236
-69.69999999999948,0.3469356515732644
-69.79999999999947,0.3452981989985433
-69.89999999999947,0.3436596945856248
-69.99999999999946,0.3420201433256776
-70.09999999999945,0.3403795502130591
-70.19999999999945,0.3387379202453005
-70.29999999999944,0.33709525842309124
-70.39999999999944,0.3354515697502643
-70.49999999999943,0.33380685923378034
-70.59999999999943,0.3321611318837128
-70.69999999999942,0.33051439271323263
-70.79999999999941,0.32886664673859295
-70.89999999999941,0.32721789897911374
-70.9999999999994,0.3255681544571666
-71.0999999999994,0.32391741819815945
-71.19999999999939,0.32226569523052123
-71.29999999999939,0.32061299058568654
-71.39999999999938,0.3189593092980803
-71.49999999999937,0.3173046564051024
-71.59999999999937,0.3156490369471128
-71.69999999999936,0.31399245596741543
-71.79999999999936,0.31233491851224315
-71.89999999999935,0.3106764296307425
-71.99999999999935,0.3090169943749582
-72.09999999999934,0.307356617799818
-72.19999999999933,0.3056953049631167
-72.29999999999933,0.3040330609255014
-72.39999999999932,0.3023698907504558
-72.49999999999932,0.3007057995042845
-72.59999999999931,0.29904079225609814
-72.6999999999993,0.29737487407779756
-72.7999999999993,0.2957080500440584
-72.8999999999993,0.29404032523231577
-72.99999999999929,0.29237170472274865
-73.09999999999928,0.2907021935982645
-73.19999999999928,0.2890317969444837
-73.29999999999927,0.28736051984972427
-73.39999999999927,0.28568836740498593
-73.49999999999926,0.2840153447039351
-73.59999999999926,0.282341456842889
-73.69999999999925,0.2806667089208005
-73.79999999999924,0.2789911060392418
-73.89999999999924,0.27731465330239047
-73.99999999999923,0.275637355817012
-74.09999999999923,0.2739592186924454
-74.19999999999922,0.27228024704058734
-74.29999999999922,0.2706004459758768
-74.39999999999921,0.26891982061527897
-74.4999999999992,0.2672383760782702
-74.5999999999992,0.2655561174868223
-74.69999999999919,0.26387304996538646
-74.79999999999919,0.26218917864087843
-74.89999999999918,0.26050450864266217
-74.99999999999918,0.2588190451025347
-75.09999999999917,0.2571327931547102
-75.19999999999916,0.2554457579358047
-75.29999999999916,0.2537579445848199
-75.39999999999915,0.252069358243128
-75.49999999999915,0.2503800040544559
-75.59999999999914,0.24868988716486937
-75.69999999999914,0.24699901272275762
-75.79999999999913,0.2453073858788174
-75.89999999999912,0.24361501178603745
-75.99999999999912,0.24192189559968275
-76.09999999999911,0.24022804247727886
-76.19999999999911,0.23853345757859593
-76.2999999999991,0.23683814606563386
-76.3999999999991,0.2351421131026053
-76.49999999999909,0.2334453638559208
-76.59999999999908,0.23174790349417282
-76.69999999999908,0.23004973718812002
-76.79999999999907,0.22835087011067146
-76.89999999999907,0.22665130743687087
-76.99999999999906,0.22495105434388094
-77.09999999999906,0.22325011601096742
-77.19999999999905,0.22154849761948348
-77.29999999999905,0.2198462043528538
-77.39999999999904,0.21814324139655894
-77.49999999999903,0.2164396139381194
-77.59999999999903,0.21473532716707983
-77.69999999999902,0.2130303862749933
-77.79999999999902,0.2113247964554055
-77.89999999999901,0.20961856290383876
-77.999999999999,0.2079116908177764
-78.099999999999,0.2062041853966468
-78.199999999999,0.20449605184180764
-78.29999999999899,0.2027872953565299
-78.39999999999898,0.2010779211459822
-78.49999999999898,0.19936793441721481
-78.59999999999897,0.19765734037914368
-78.69999999999897,0.19594614424253531
-78.79999999999896,0.19423435121998972
-78.89999999999895,0.1925219665259253
-78.99999999999895,0.1908089953765628
-79.09999999999894,0.18909544298990938
-79.19999999999894,0.18738131458574284
-79.29999999999893,0.1856666153855955
-79.39999999999893,0.1839513506127386
-79.49999999999892,0.18223552549216598
-79.59999999999891,0.18051914525057863
-79.69999999999891,0.17880221511636837
-79.7999999999989,0.17708474031960217
-79.8999999999989,0.1753667260920061
-79.99999999999889,0.17364817766694945
-80.09999999999889,0.17192910027942876
-80.19999999999888,0.17020949916605188
-80.29999999999887,0.16848937956502202
-80.39999999999887,0.16676874671612182
-80.49999999999886,0.1650476058606973
-80.59999999999886,0.16332596224164203
-80.69999999999885,0.16160382110338103
-80.79999999999885,0.15988118769185486
-80.89999999999884,0.15815806725450343
-80.99999999999883,0.15643446504025088
-81.09999999999883,0.15471038629948822
-81.19999999999882,0.15298583628405832
-81.29999999999882,0.15126082024723955
-81.39999999999881,0.14953534344372998
-81.4999999999988,0.1478094111296312
-81.5999999999988,0.1460830285624323
-81.6999999999988,0.14435620100099403
-81.79999999999879,0.14262893370553256
-81.89999999999878,0.14090123193760368
-81.99999999999878,0.1391731009600866
-82.09999999999877,0.1374445460371679
-82.19999999999877,0.13571557243432575
-82.29999999999876,0.13398618541831353
-82.39999999999876,0.13225639025714403
-82.49999999999875,0.1305261922200733
-82.59999999999874,0.1287955965775846
-82.69999999999874,0.12706460860137242
-82.79999999999873,0.1253332335643263
-82.89999999999873,0.12360147674051486
-82.99999999999872,0.12186934340516975
-83.09999999999872,0.12013683883466948
-83.19999999999871,0.11840396830652344
-83.2999999999987,0.11667073709935555
-83.3999999999987,0.1149371504928891
-83.49999999999869,0.11320321376792933
-83.59999999999869,0.1114689322063482
-83.69999999999868,0.1097343110910681
-83.79999999999868,0.1079993557060458
-83.89999999999867,0.10626407133625626
-83.99999999999866,0.10452846326767665
-84.09999999999866,0.1027925367872701
-84.19999999999865,0.10105629718296974
-84.29999999999865,0.09931974974366252
-84.39999999999864,0.09758289975917309
-84.49999999999864,0.09584575252024773
-84.59999999999863,0.09410831331853817
-84.69999999999862,0.09237058744658554
-84.79999999999862,0.09063258019780422
-84.89999999999861,0.0888942968664657
-84.99999999999861,0.08715574274768247
-85.0999999999986,0.08541692313739187
-85.1999999999986,0.08367784333234
-85.29999999999859,0.08193850863006555
-85.39999999999858,0.08019892432888366
-85.49999999999858,0.0784590957278698
-85.59999999999857,0.0767190281268436
-85.69999999999857,0.07497872682635255
-85.79999999999856,0.07323819712765665
-85.89999999999856,0.07149744433271099
-85.99999999999855,0.06975647374415049
-86.09999999999854,0.06801529066527347
-86.19999999999854,0.06627390040002555
-86.29999999999853,0.06453230825298349
-86.39999999999853,0.062790519529339
-86.49999999999852,0.061048539534882616
-86.59999999999852,0.05930637357598748
-86.69999999999851,0.05756402695959325
-86.7999999999985,0.05582150499318988
-86.8999999999985,0.05407881298480148
-86.9999999999985,0.05233595624297013
-87.09999999999849,0.05059294007673972
-87.19999999999848,0.048849769795639784
-87.29999999999848,0.04710645070966929
-87.39999999999847,0.045362988129280524
-87.49999999999847,0.043619387365362854
-87.59999999999846,0.041875653729226595
-87.69999999999845,0.04013179253258681
-87.79999999999845,0.038387809087547124
-87.89999999999844,0.036643708706583566
-87.99999999999844,0.034899496702528156
-88.09999999999843,0.03315517838855357
-88.19999999999843,0.031410759078155694
-88.29999999999842,0.02966624408513827
-88.39999999999841,0.027921638723596504
-88.49999999999841,0.026176948307900884
-88.5999999999984,0.024432178152680995
-88.6999999999984,0.02268733357280931
-88.79999999999839,0.02094241988338502
-88.89999999999839,0.019197442399717837
-88.99999999999838,0.017452406437311795
-89.09999999999837,0.015707317311849066
-89.19999999999837,0.013962180339173772
-89.29999999999836,0.012217000835275778
-89.39999999999836,0.01047178411627451
-89.49999999999835,0.008726535498402762
-89.59999999999835,0.006981260297990489
-89.69999999999834,0.005235963831448625
-89.79999999999833,0.003490651415252886
-89.89999999999833,0.0017453283659275712
-90.0,6.123233995736766e-17
